Name,Age
'Name1', 25,
'Name2', 30,
'Name3', 35,
'Name4', 40,
'Name5', 22,
'Name6', 28,
'Name7', 31,
'Name8', 29,
'Name9', 27,
'Name10', 24,
'Name11', 33,
'Name12', 26,
'Name13', 32,
'Name14', 38,
'Name15', 36,
'Name16', 23,
'Name17', 34,
'Name18', 37,
'Name19', 21,
'Name20', 39,
'Name21', 25,
'Name22', 30,
'Name23', 35,
'Name24', 40,
'Name25', 22,
'Name26', 28,
'Name27', 31,
'Name28', 29,
'Name29', 27,
'Name30', 24,
'Name31', 33,
'Name32', 26,
'Name33', 32,
'Name34', 38,
'Name35', 36,
'Name36', 23,
'Name37', 34,
'Name38', 37,
'Name39', 21,
'Name40', 39,
'Name41', 25,
'Name42', 30,
'Name43', 35,
'Name44', 40,
'Name45', 22,
'Name46', 28,
'Name47', 31,
'Name48', 29,
'Name49', 27,
'Name50', 24;
